<?xml version="1.0" encoding="UTF-8"?>
<project-private xmlns="http://www.netbeans.org/ns/project-private/1">
    <editor-bookmarks xmlns="http://www.netbeans.org/ns/editor-bookmarks/2" lastBookmarkId="0"/>
    <open-files xmlns="http://www.netbeans.org/ns/projectui-open-files/2">
        <group>
            <file>file:/F:/Universidad/POO/Parcial%202/src/model/conexion.java</file>
            <file>file:/F:/Universidad/POO/Parcial%202/src/model/agregarProducto.java</file>
            <file>file:/F:/Universidad/POO/Parcial%202/src/model/verProducto.java</file>
            <file>file:/F:/Universidad/POO/Parcial%202/src/model/eliminarProducto.java</file>
            <file>file:/F:/Universidad/POO/Parcial%202/src/view/FormIngreso.java</file>
            <file>file:/F:/Universidad/POO/Parcial%202/src/modelView/producto.java</file>
            <file>file:/F:/Universidad/POO/Parcial%202/src/modelView/autenticacion.java</file>
            <file>file:/F:/Universidad/POO/Parcial%202/src/view/FormAuth.java</file>
        </group>
    </open-files>
</project-private>
